{
  "useDaemonProcess": true,
  "$schema": "./node_modules/nx/schemas/nx-schema.json",
  "namedInputs": {
    "default": ["{projectRoot}/**/*", "sharedGlobals"],
    "production": [
      "default",
      "!{projectRoot}/.eslintrc.json",
      "!{projectRoot}/eslint.config.cjs",
      "!{projectRoot}/**/?(*.)+(spec|test).[jt]s?(x)?(.snap)",
      "!{projectRoot}/tsconfig.spec.json",
      "!{projectRoot}/jest.config.[jt]s",
      "!{projectRoot}/src/test-setup.[jt]s",
      "!{projectRoot}/test-setup.[jt]s"
    ],
    "sharedGlobals": ["{workspaceRoot}/.github/workflows/ci.yml"]
  },
  "nxCloudId": "6782bf93051bc251dfa99f49",
  "plugins": [
    {
      "plugin": "@nx/webpack/plugin",
      "options": {
        "buildTargetName": "build",
        "serveTargetName": "serve",
        "previewTargetName": "preview"
      }
    },
    {
      "plugin": "@nx/eslint/plugin",
      "options": {
        "targetName": "lint"
      }
    },
    {
      "plugin": "@nx/vite/plugin",
      "options": {
        "buildTargetName": "build",
        "testTargetName": "test",
        "serveTargetName": "serve",
        "previewTargetName": "preview",
        "serveStaticTargetName": "serve-static",
        "typecheckTargetName": "typecheck"
      }
    },
    {
      "plugin": "@nx/expo/plugin",
      "options": {
        "startTargetName": "start",
        "buildTargetName": "build",
        "prebuildTargetName": "prebuild",
        "serveTargetName": "serve",
        "installTargetName": "install",
        "exportTargetName": "export",
        "submitTargetName": "submit",
        "runIosTargetName": "run-ios",
        "runAndroidTargetName": "run-android",
        "buildDepsTargetName": "build-deps",
        "watchDepsTargetName": "watch-deps"
      }
    }
  ],
  "generators": {
    "@nx/react": {
      "application": {
        "babel": true,
        "style": "tailwind",
        "linter": "eslint",
        "bundler": "vite"
      },
      "component": {
        "style": "tailwind"
      },
      "library": {
        "style": "tailwind",
        "linter": "eslint"
      }
    }
  }
}
